{
  "best_params": {
    "dropout": 0.1,
    "learning_rate": 0.00011884969608778594,
    "batch_size": 64,
    "weight_decay": 0.00011576549151950556
  },
  "best_rmse": 371.4048115134248,
  "n_trials": 50
}