test_year,test_month,model_type,test_loss_mse_unscaled,test_loss_rmse_unscaled,test_loss_mae_unscaled,test_loss_mse,test_rmse,test_mae,theil_u1,bias_proportion,variance_proportion,covariance_proportion,sum_of_proportions
2023,6,PimentelMLP,7021.777557351687,83.79604738501504,65.60683069444455,0.00035533669870346785,0.018850376829504967,0.014758613891899586,0.099574305,0.5313333,0.029913489,0.43875371303336996,1.0000005253769673
