test_year,test_month,model_type,test_loss_mse_unscaled,test_loss_rmse_unscaled,test_loss_mae_unscaled,test_loss_mse,test_rmse,test_mae,theil_u1,bias_proportion,variance_proportion,covariance_proportion,sum_of_proportions
2023,10,PimentelMLP,1053.5236339165067,32.45802880515862,24.34187102775514,5.331350985215977e-05,0.007301609963178635,0.005475836340337992,0.03856967,0.032748442,0.1464967,0.8207548800459082,1.0000000241747076
