test_year,test_month,model_type,test_loss_mse_unscaled,test_loss_rmse_unscaled,test_loss_mae_unscaled,test_loss_mse,test_rmse,test_mae,theil_u1,bias_proportion,variance_proportion,covariance_proportion,sum_of_proportions
2023,9,PimentelMLP,2488.528173865191,49.885149833043414,42.704254828811756,0.00012593183782882988,0.011221935972571373,0.009606554172933102,0.059278205,0.56233674,8.256942e-06,0.4376535801450171,0.9999986080686011
