test_year,test_month,model_type,test_loss_mse_unscaled,test_loss_rmse_unscaled,test_loss_mae_unscaled,test_loss_mse,test_rmse,test_mae,theil_u1,bias_proportion,variance_proportion,covariance_proportion,sum_of_proportions
2023,10,PimentelMLP,1841.774749500638,42.91590322363771,28.720109221726542,9.320291428593919e-05,0.009654165245592594,0.006460744887590408,0.050996695,0.0007443105,0.58218664,0.41707003081929417,1.0000009533275338
