test_year,test_month,model_type,test_loss_mse_unscaled,test_loss_rmse_unscaled,test_loss_mae_unscaled,test_loss_mse,test_rmse,test_mae,theil_u1,bias_proportion,variance_proportion,covariance_proportion,sum_of_proportions
2023,8,PimentelMLP,3343.140565458273,57.8198976603926,51.02393781622594,0.00016917944594752043,0.013006899505853653,0.011478112079203129,0.06870702,0.7690792,0.000697929,0.23022088330410678,0.9999980024638053
