test_year,test_month,model_type,test_loss_mse_unscaled,test_loss_rmse_unscaled,test_loss_mae_unscaled,test_loss_mse,test_rmse,test_mae,theil_u1,bias_proportion,variance_proportion,covariance_proportion,sum_of_proportions
2023,4,PimentelMLP,4226.550960824402,65.01192937318814,56.80160582899262,0.00021388439927250147,0.014624787494540215,0.01277782954275608,0.07725327,0.68436223,0.00023483175,0.3154036828455294,1.0000007578310335
