test_year,test_month,model_type,test_loss_mse_unscaled,test_loss_rmse_unscaled,test_loss_mae_unscaled,test_loss_mse,test_rmse,test_mae,theil_u1,bias_proportion,variance_proportion,covariance_proportion,sum_of_proportions
2023,7,PimentelMLP,1132.6987608284376,33.655590335461916,25.064856546784515,5.7320161431562155e-05,0.007571008056402206,0.005638475529849529,0.039992727,0.2892048,0.0003020329,0.7104921821518465,0.999999034778647
