test_year,test_month,model_type,test_loss_mse_unscaled,test_loss_rmse_unscaled,test_loss_mae_unscaled,test_loss_mse,test_rmse,test_mae,theil_u1,bias_proportion,variance_proportion,covariance_proportion,sum_of_proportions
2023,5,PimentelMLP,2312.4420930500214,48.08785806261307,41.704150737030325,0.0001170210016425699,0.010817624628543854,0.009381575509905815,0.057142496,0.6601478,0.0022080874,0.33764166089422154,0.9999975607050126
