{
  "best_params": {
    "d_model": 36,
    "n_heads": 3,
    "n_encoder_layers": 2,
    "n_decoder_layers": 2,
    "dropout": 0.05,
    "learning_rate": 7.760079541787438e-05,
    "batch_size": 64,
    "weight_decay": 1.0329662940458218e-05,
    "seq_len": 12,
    "label_len": 2
  },
  "best_rmse": 17.475294808515393,
  "n_trials": 50
}