test_year,test_month,model_type,test_loss_mse_unscaled,test_loss_rmse_unscaled,test_loss_mae_unscaled,test_loss_mse,test_rmse,test_mae,theil_u1,bias_proportion,variance_proportion,covariance_proportion,sum_of_proportions
2023,10,PimentelMLP,1743.8105413290548,41.75895761784596,33.011122087605244,8.824544784147292e-05,0.00939390528947115,0.007426030933856964,0.049621906,0.42813122,0.02750559,0.5443626391944818,0.9999994385299615
