test_year,test_month,model_type,test_loss_mse_unscaled,test_loss_rmse_unscaled,test_loss_mae_unscaled,test_loss_mse,test_rmse,test_mae,theil_u1,bias_proportion,variance_proportion,covariance_proportion,sum_of_proportions
2023,8,PimentelMLP,1793.3544385015184,42.348015756367126,31.423839986489796,9.075261186808348e-05,0.009526416659355164,0.007068963255733252,0.05032188,0.2682462,0.324221,0.4075322736752363,0.9999994625103803
