test_year,test_month,model_type,test_loss_mse_unscaled,test_loss_rmse_unscaled,test_loss_mae_unscaled,test_loss_mse,test_rmse,test_mae,theil_u1,bias_proportion,variance_proportion,covariance_proportion,sum_of_proportions
2023,4,PimentelMLP,3453.3452631022087,58.765170493262495,52.27914975916516,0.0001747563510434702,0.013219544664025307,0.011760477907955647,0.06983028,0.78230053,0.01228137,0.20541776628399877,0.9999996563901999
