test_year,test_month,model_type,test_loss_mse_unscaled,test_loss_rmse_unscaled,test_loss_mae_unscaled,test_loss_mse,test_rmse,test_mae,theil_u1,bias_proportion,variance_proportion,covariance_proportion,sum_of_proportions
2023,3,PimentelMLP,1998.5773341279414,44.70545083239785,36.028451456289545,0.0001011379063129425,0.010056734085083008,0.008104795590043068,0.053123206,0.21138854,0.26781443,0.5207985855259176,1.0000015712894674
