test_year,test_month,model_type,test_loss_mse_unscaled,test_loss_rmse_unscaled,test_loss_mae_unscaled,test_loss_mse,test_rmse,test_mae,theil_u1,bias_proportion,variance_proportion,covariance_proportion,sum_of_proportions
2023,7,PimentelMLP,1737.2785277743233,41.68067331239172,33.80521487612363,8.791488653514534e-05,0.00937629397958517,0.007604666985571384,0.049528882,0.40208322,0.13587056,0.46204529219047136,0.9999990861930044
