test_year,test_month,model_type,test_loss_mse_unscaled,test_loss_rmse_unscaled,test_loss_mae_unscaled,test_loss_mse,test_rmse,test_mae,theil_u1,bias_proportion,variance_proportion,covariance_proportion,sum_of_proportions
2023,9,PimentelMLP,714.9045952287848,26.73769988665414,20.38987566942991,3.617771290009841e-05,0.006014791317284107,0.004586813505738974,0.03177224,0.0021827973,0.15437151,0.8434450298887601,0.9999993414026609
