test_year,test_month,model_type,test_loss_mse_unscaled,test_loss_rmse_unscaled,test_loss_mae_unscaled,test_loss_mse,test_rmse,test_mae,theil_u1,bias_proportion,variance_proportion,covariance_proportion,sum_of_proportions
2023,3,PimentelMLP,1658.5584787010014,40.72540335835854,33.210457156906365,8.393126336159185e-05,0.009161400608718395,0.0074708727188408375,0.048393745,0.38441926,0.07197716,0.5436028597999856,0.9999992905308053
