test_year,test_month,model_type,test_loss_mse_unscaled,test_loss_rmse_unscaled,test_loss_mae_unscaled,test_loss_mse,test_rmse,test_mae,theil_u1,bias_proportion,variance_proportion,covariance_proportion,sum_of_proportions
2023,4,PimentelMLP,1046.422600453819,32.34845592070538,24.939197272093455,5.295416121953167e-05,0.007276961114257574,0.005610207561403513,0.038439468,0.38458633,0.008513781,0.6069008267091568,1.0000009393857772
