test_year,test_month,model_type,test_loss_mse_unscaled,test_loss_rmse_unscaled,test_loss_mae_unscaled,test_loss_mse,test_rmse,test_mae,theil_u1,bias_proportion,variance_proportion,covariance_proportion,sum_of_proportions
2023,2,PimentelMLP,1273.611214050741,35.68768995116861,30.089184555265838,6.445102917496115e-05,0.008028140291571617,0.006768725346773863,0.04240746,0.37965897,0.05071788,0.569621120255212,0.9999979777743618
