test_year,test_month,model_type,test_loss_mse_unscaled,test_loss_rmse_unscaled,test_loss_mae_unscaled,test_loss_mse,test_rmse,test_mae,theil_u1,bias_proportion,variance_proportion,covariance_proportion,sum_of_proportions
2023,5,PimentelMLP,2020.4860234164564,44.949816722834996,32.37539909707296,0.00010224658763036132,0.010111705400049686,0.007283021695911884,0.05341358,0.17063092,0.41645023,0.4129197099917466,1.000000844311052
