test_year,test_month,model_type,test_loss_mse_unscaled,test_loss_rmse_unscaled,test_loss_mae_unscaled,test_loss_mse,test_rmse,test_mae,theil_u1,bias_proportion,variance_proportion,covariance_proportion,sum_of_proportions
2023,1,PimentelMLP,1939.7314670800324,44.04238262265147,30.026198569017904,9.816000965656713e-05,0.009907573461532593,0.00675455667078495,0.052335285,0.30874875,0.0919718,0.5992777442936258,0.9999982810024576
