{
  "best_params": {
    "d_model": 36,
    "n_heads": 4,
    "dropout": 0.05,
    "learning_rate": 0.00019029252412458756,
    "batch_size": 32,
    "weight_decay": 1.0737166053926645e-05,
    "seq_len": 10,
    "label_len": 3
  },
  "best_rmse": 17.03983766296538,
  "n_trials": 50
}