{
  "best_params": {
    "number_layers": 8,
    "units_per_layer": 128,
    "batch_norm_momentum": 0.4,
    "dropout": 0.2,
    "learning_rate": 0.000716832006530474,
    "batch_size": 1024,
    "weight_decay": 2.1814395353301364e-05
  },
  "best_rmse": 0.08378237450857738,
  "n_trials": 50
}