{
  "best_params": {
    "number_layers": 8,
    "units_per_layer": 128,
    "batch_norm_momentum": 0.4,
    "dropout": 0.05,
    "learning_rate": 0.0005323617594751496,
    "batch_size": 1024,
    "weight_decay": 8.569331925053988e-06
  },
  "best_rmse": 0.08526141645947942,
  "n_trials": 50
}