test_year,test_month,model_type,test_loss_mse_unscaled,test_loss_rmse_unscaled,test_loss_mae_unscaled,test_loss_mse,test_rmse,test_mae,theil_u1,bias_proportion,variance_proportion,covariance_proportion,sum_of_proportions
2023,5,PimentelMLP,5905.91078293524,76.84992376661957,70.79506188682691,0.0002988683118019253,0.017287807539105415,0.015925735235214233,0.091320276,0.8378339,0.0042444374,0.15792134732237884,0.9999996754550082
