test_year,test_month,model_type,test_loss_mse_unscaled,test_loss_rmse_unscaled,test_loss_mae_unscaled,test_loss_mse,test_rmse,test_mae,theil_u1,bias_proportion,variance_proportion,covariance_proportion,sum_of_proportions
2023,8,PimentelMLP,969.12718921069,31.130807718571806,22.29519004864782,4.90426282340195e-05,0.007003044243901968,0.005015424452722073,0.036992542,0.09634346,0.008513047,0.8951424340677862,0.9999989400578145
