test_year,test_month,model_type,test_loss_mse_unscaled,test_loss_rmse_unscaled,test_loss_mae_unscaled,test_loss_mse,test_rmse,test_mae,theil_u1,bias_proportion,variance_proportion,covariance_proportion,sum_of_proportions
2023,12,PimentelMLP,13314.100843336722,115.38674466045362,109.26190763965167,0.0006737593212164938,0.02595687471330166,0.024579061195254326,0.13711333,0.8965918,2.2084057e-05,0.10338746581463072,1.0000013617077277
