test_year,test_month,model_type,test_loss_mse_unscaled,test_loss_rmse_unscaled,test_loss_mae_unscaled,test_loss_mse,test_rmse,test_mae,theil_u1,bias_proportion,variance_proportion,covariance_proportion,sum_of_proportions
2023,1,PimentelMLP,3716.4155398083826,60.96241087595193,53.07178836430042,0.0001880690106190741,0.01371382549405098,0.011938787065446377,0.07244125,0.5344041,0.21729702,0.24829952830056143,1.000000644862451
