test_year,test_month,model_type,test_loss_mse_unscaled,test_loss_rmse_unscaled,test_loss_mae_unscaled,test_loss_mse,test_rmse,test_mae,theil_u1,bias_proportion,variance_proportion,covariance_proportion,sum_of_proportions
2023,11,PimentelMLP,3092.3333327656787,55.60875230362284,44.09043083383204,0.00015648736734874547,0.012509491294622421,0.009918381460011005,0.06607953,0.34171066,0.21536238,0.442926807741345,0.9999998644391905
