test_year,test_month,model_type,test_loss_mse,test_rmse,test_mae,theil_u1,bias_proportion,variance_proportion,covariance_proportion,sum_of_proportions
2023,4,PimentelMLP,6.77019779686816e-05,0.00822812132537365,0.006563037168234587,0.04346383,0.36417934,0.20794919,0.42787274457903424,1.0000012788960508
