test_year,test_month,model_type,test_loss_mse_unscaled,test_loss_rmse_unscaled,test_loss_mae_unscaled,test_loss_mse,test_rmse,test_mae,theil_u1,bias_proportion,variance_proportion,covariance_proportion,sum_of_proportions
2023,9,PimentelMLP,2643.736289156939,51.417276174034534,44.78986424354134,0.0001337861322099343,0.011566595174372196,0.010075723752379417,0.06109882,0.5733654,0.0021592225,0.424475564433545,1.000000192595929
