test_year,test_month,model_type,test_loss_mse,test_rmse,test_mae,theil_u1,bias_proportion,variance_proportion,covariance_proportion,sum_of_proportions
2023,11,PimentelMLP,5.14350067533087e-05,0.007171820383518934,0.00486911041662097,0.037884075,0.0076413094,0.4616768,0.5306826977123597,1.0000008193840362
