test_year,test_month,model_type,test_loss_mse,test_rmse,test_mae,theil_u1,bias_proportion,variance_proportion,covariance_proportion,sum_of_proportions
2023,3,PimentelMLP,0.00016890103870537132,0.012996193021535873,0.011150939390063286,0.06865046,0.7129219,0.02828882,0.2587886268396957,0.9999993855257614
