test_year,test_month,model_type,test_loss_mse_unscaled,test_loss_rmse_unscaled,test_loss_mae_unscaled,test_loss_mse,test_rmse,test_mae,theil_u1,bias_proportion,variance_proportion,covariance_proportion,sum_of_proportions
2023,5,PimentelMLP,3160.7030947555213,56.22013068959838,46.0212310972273,0.00015994721616152674,0.012647024355828762,0.010352726094424725,0.066806026,0.4757563,0.16888617,0.3553571913668247,0.9999996636339756
