test_year,test_month,model_type,test_loss_mse,test_rmse,test_mae,theil_u1,bias_proportion,variance_proportion,covariance_proportion,sum_of_proportions
2023,1,PimentelMLP,9.581800259184092e-05,0.009788666851818562,0.008264826610684395,0.05170718,0.7068132,0.048620354,0.24456615478062904,0.9999997141983537
