test_year,test_month,model_type,test_loss_mse,test_rmse,test_mae,theil_u1,bias_proportion,variance_proportion,covariance_proportion,sum_of_proportions
2023,6,PimentelMLP,9.514761040918529e-05,0.00975436344742775,0.007878723554313183,0.05152598,0.09663699,0.46397635,0.43938643252070947,0.9999997666996341
