test_year,test_month,model_type,test_loss_mse,test_rmse,test_mae,theil_u1,bias_proportion,variance_proportion,covariance_proportion,sum_of_proportions
2023,8,PimentelMLP,6.859549466753379e-05,0.00828223954886198,0.006299135275185108,0.0437497,0.050831556,0.21603523,0.7331326130727274,0.9999994162419779
