test_year,test_month,model_type,test_loss_mse_unscaled,test_loss_rmse_unscaled,test_loss_mae_unscaled,test_loss_mse,test_rmse,test_mae,theil_u1,bias_proportion,variance_proportion,covariance_proportion,sum_of_proportions
2023,2,PimentelMLP,1308.0397155046742,36.16683170398914,29.01499950073503,6.619327905355021e-05,0.00813592504709959,0.006527082063257694,0.042976815,0.041883565,0.111095764,0.8470200561094146,0.9999993853378157
