test_year,test_month,model_type,test_loss_mse_unscaled,test_loss_rmse_unscaled,test_loss_mae_unscaled,test_loss_mse,test_rmse,test_mae,theil_u1,bias_proportion,variance_proportion,covariance_proportion,sum_of_proportions
2023,6,PimentelMLP,5104.119997582277,71.44312421487653,61.54098867083415,0.00025829373043961823,0.016071518883109093,0.013843979686498642,0.08489541,0.6365036,4.0219675e-07,0.36349591234176765,0.9999999068066419
