test_year,test_month,model_type,test_loss_mse,test_rmse,test_mae,theil_u1,bias_proportion,variance_proportion,covariance_proportion,sum_of_proportions
2023,9,PimentelMLP,0.0002433877671137452,0.015600889921188354,0.013639884069561958,0.08240938,0.6107517,0.038349092,0.3508994120717972,1.0000001925588577
