test_year,test_month,model_type,test_loss_mse_unscaled,test_loss_rmse_unscaled,test_loss_mae_unscaled,test_loss_mse,test_rmse,test_mae,theil_u1,bias_proportion,variance_proportion,covariance_proportion,sum_of_proportions
2023,9,PimentelMLP,3376.7782110200365,58.11005258145992,51.63178123113185,0.0001708816853351891,0.013072172179818153,0.011614849790930748,0.06905181,0.7246229,0.0009555645,0.2744228252436665,1.0000013121630695
