test_year,test_month,model_type,test_loss_mse_unscaled,test_loss_rmse_unscaled,test_loss_mae_unscaled,test_loss_mse,test_rmse,test_mae,theil_u1,bias_proportion,variance_proportion,covariance_proportion,sum_of_proportions
2023,4,PimentelMLP,5051.058999642466,71.07080272265445,54.274647573056924,0.0002556085819378495,0.015987763181328773,0.012209376320242882,0.08445299,0.52753097,0.23993552,0.23253359275562652,1.0000000782559622
