{
  "best_params": {
    "dropout": 0.1,
    "learning_rate": 2.0513382630874486e-05,
    "batch_size": 128,
    "weight_decay": 6.358358856676247e-05
  },
  "best_rmse": Infinity,
  "n_trials": 5
}